<?xml version='1.0' encoding='utf-8'?>
<mujoco model="biped_s13">
  <compiler angle="radian" meshdir="../meshes/" />
  <size njmax="500" nconmax="100" />
  <default>
    <joint limited="true" armature="0.05" damping="0.2" frictionloss="0.02"/>
    <motor ctrllimited="true" ctrlrange="-100 100"/>
    <!-- <geom contype="0" conaffinity="0" condim="1" solref="0.005 1"/> -->
    <equality solref="0.005 1"/>
    <default class="collision">
      <geom material="collision" contype="1" conaffinity="1" user="2" rgba="0.9 0.3 0.3 0.2"/>
    </default>
  </default>
  <asset>
    <texture type="skybox" builtin="gradient" rgb1="0.4 0.6 0.8" width="128" height="128"/>
    <texture name="plane" type="2d" builtin="checker" rgb1="0.2 0.2 0.2" rgb2="0.3 0.3 0.3" width="512"
              height="512"/>
    <material name="plane" reflectance="0.0" texture="plane" texrepeat="1 1" texuniform="true"/>
    <material name="collision" rgba="0.1 0.5 0.9 0"/>
    <mesh name="torso" file="torso.STL" />
    <mesh name="waist" file="waist.STL" />
    <mesh name="l_leg_pitch" file="l_leg_pitch.STL" />
    <mesh name="l_leg_roll" file="l_leg_roll.STL" />
    <mesh name="l_leg_yaw" file="l_leg_yaw.STL" />
    <mesh name="l_knee" file="l_knee.STL" />
    <mesh name="l_foot_pitch" file="l_foot_pitch.STL" />
    <mesh name="l_foot_roll" file="l_foot_roll_big.STL" />
    <mesh name="r_leg_pitch" file="r_leg_pitch.STL" />
    <mesh name="r_leg_roll" file="r_leg_roll.STL" />
    <mesh name="r_leg_yaw" file="r_leg_yaw.STL" />
    <mesh name="r_knee" file="r_knee.STL" />
    <mesh name="r_foot_pitch" file="r_foot_pitch.STL" />
    <mesh name="r_foot_roll" file="r_foot_roll_big.STL" />
    <mesh name="l_arm_pitch" file="l_arm_pitch.STL" />
    <mesh name="l_arm_roll" file="l_arm_roll.STL" />
    <mesh name="l_arm_yaw" file="l_arm_yaw.STL" />
    <mesh name="l_forearm" file="l_forearm_hand.STL" />
    <mesh name="r_arm_pitch" file="r_arm_pitch.STL" />
    <mesh name="r_arm_roll" file="r_arm_roll.STL" />
    <mesh name="r_arm_yaw" file="r_arm_yaw.STL" />
    <mesh name="r_forearm" file="r_forearm_hand.STL" />
    <mesh name="head_yaw" file="head_yaw.STL" />
    <mesh name="head_pitch" file="head_pitch.STL" />
  </asset>
  <worldbody>
    <geom name="floor" pos="0.001 0 0" size="100 10 .125" type="plane" material="plane" condim="3"
          conaffinity="15" friction="0.6 0.6 0.001"/>
    <light mode="trackcom" pos="0 0 5" dir="0 0 -1"/>
    <light directional="true" pos="0 0 3" dir="0 0 -1" diffuse="0.2 0.2 0.2" specular="0 0 0"/>
    <body name="base_link" pos="0 0 0.82">
      <freejoint />
      <site name="imu" pos="0 0 0" />
      <inertial pos="0.00203175 4.6786e-05 0.0192834" quat="1 0.0 -0.0 0.0" mass="9.2617" diaginertia="0.253482 0.235846 0.0510218" />
      <geom type="mesh" contype="0" conaffinity="0" group="1" density="0" rgba="1 1 1 1" mesh="torso" />
      <geom type="mesh" contype="0" conaffinity="0" group="1" density="0" rgba="1 1 1 1" mesh="waist" />
      <geom type="box" size="0.07 0.1 0.14" pos="0.01 0 0.11" rgba="1 0 0 0.1"/>
      <!-- <geom type="mesh" rgba="1 1 1 1" mesh="torso"/> -->
      <geom type="mesh" rgba="1 0 0 0.1" mesh="waist"/>
        <body name="leg_l1_link" pos="0 0.114335 -0.216735">
          <inertial pos="-0.0128162 -0.0241187 0.0242652" quat="1.0 -0.0 0.0 0.0" mass="0.411798" diaginertia="0.00089053 0.00053276 0.00101541" />
          <joint name="leg_l1_joint" pos="0 0 0" axis="0 0.707107 -0.707107" range="-2.0943 1.5708" actuatorfrcrange="-180 180" damping="0.2" frictionloss="0.1" />
          <geom type="mesh" contype="0" conaffinity="0" group="1" density="0" rgba="1 1 1 1" mesh="l_leg_pitch" />
          <!-- <geom type="mesh" rgba="1 1 1 1" mesh="l_leg_pitch" /> -->
          <body name="leg_l2_link">
            <inertial pos="-0.00113407 0.00022674 -0.055039" quat="1.0 -0.0 -0.0 0.0" mass="2.60733" diaginertia="0.00748166 0.00726718 0.00283326" />
            <joint name="leg_l2_joint" pos="0 0 0" axis="1 0 0" range="-1.1467 0.84726" actuatorfrcrange="-100 100" damping="0.2" frictionloss="0.1" />
            <geom type="mesh" contype="0" conaffinity="0" group="1" density="0" rgba="1 1 1 1" mesh="l_leg_roll" />
            <!-- <geom type="capsule" size="0.05" fromto="0 0 0 0 0 -0.08" rgba="1 0 0 1"/> -->
            <geom type="mesh" rgba="1 0 0 0.1" mesh="l_leg_roll" />
            <body name="leg_l3_link">
              <inertial pos="-0.0148641 -0.00438159 -0.175626" quat="1 0.0 0.0 0.0" mass="1.03799" diaginertia="0.00130665 0.00143771 0.00092289" />
              <joint name="leg_l3_joint" pos="0 0 0" axis="0 0 1" range="-0.8184 1.5708" actuatorfrcrange="-100 100" damping="0.2" frictionloss="0.1" />
              <geom type="mesh" contype="0" conaffinity="0" group="1" density="0" rgba="1 1 1 1" mesh="l_leg_yaw" />
              <!-- <geom type="mesh" rgba="1 1 1 1" mesh="l_leg_yaw" /> -->
              <body name="leg_l4_link" pos="-0.021 0 -0.182">
                <inertial pos="0.0227641 0.00634133 -0.0971725" quat="1 -0.0 0.0 0.0" mass="1.78407" diaginertia="0.00775509 0.00820174 0.00156093" />
                <joint name="leg_l4_joint" pos="0 0 0" axis="0 1 0" range="0 2.61799" actuatorfrcrange="-180 180" damping="0.2" frictionloss="0.1" />
                <geom type="mesh" contype="0" conaffinity="0" group="1" density="0" rgba="1 1 1 1" mesh="l_knee" />
                <geom type="cylinder" size="0.045" fromto="0 -0.05 -0.0  0 0.05 -0.0" rgba="1 0 0 0.1" class="collision"/>
                <!-- <geom type="cylinder" size="0.03" fromto="0.02 0.0 -0.05  0.02 0.0 -0.25" rgba="0 1 0 0.1"/> -->
                <geom type="mesh" rgba="1 0 0 0.1" mesh="l_knee" />
                <body name="leg_l5_link" pos="0.021 0 -0.235">
                  <inertial pos="0 0 0" quat="1 -0.0 0.0 0.0" mass="0.0692377" diaginertia="6.7e-06 6.7e-06 1.172e-05" />
                  <joint name="leg_l5_joint" pos="0 0 0" axis="0 1 0" range="-0.872665 0.523599" actuatorfrcrange="-36 36" damping="0.2" frictionloss="0.1" />
                  <geom type="mesh" contype="0" conaffinity="0" group="1" density="0" rgba="1 1 1 1" mesh="l_foot_pitch" />
                  <!-- <geom type="mesh" rgba="1 1 1 1" mesh="l_foot_pitch" /> -->
                  <body name="leg_l6_link">
                    <inertial pos="0.00212583 0.0 -0.03110855" quat="1.0 0.0 0.0 0.0" mass="0.37453748" diaginertia="0.00026927 0.00114572 0.00129886" />
                    <joint name="leg_l6_joint" pos="0 0 0" axis="1 0 0" range="-0.261799 0.261799" actuatorfrcrange="-36 36" damping="0.2" frictionloss="0.1" />
                    <geom type="mesh" contype="0" conaffinity="0" group="1" density="0" rgba="1 1 1 1" mesh="l_foot_roll" />
                    <!-- <geom name="left_foot" type="box" size="0.09 0.035 0.005" pos="0.019 0 -0.04" class="collision"/> -->
                    <site name="left_foot_contact" pos="0 0 0"/>
                    <geom type="box" size="0.02 0.043 0.005" pos="-0.068 0 -0.036" rgba="1 0 0 0.1" class="collision"/>
                    <geom name="left_foot" type="cylinder" size="0.046 0.004" pos="0.08 0 -0.04" class="collision"/>
                  </body>
                </body>
              </body>
            </body>
          </body>
        </body>
        <body name="leg_r1_link" pos="0 -0.114335 -0.216735">
          <inertial pos="-0.0128162 0.0241187 0.0242652" quat="1.0 0.0 0.0 0.0" mass="0.411798" diaginertia="0.00089053 0.00053276 0.00101541" />
          <joint name="leg_r1_joint" pos="0 0 0" axis="0 -0.707107 -0.707107" range="-2.0943 1.5708" actuatorfrcrange="-180 180" damping="0.2" frictionloss="0.1" />
          <geom type="mesh" contype="0" conaffinity="0" group="1" density="0" rgba="1 1 1 1" mesh="r_leg_pitch" />
          <!-- <geom type="mesh" rgba="1 1 1 1" mesh="r_leg_pitch" /> -->
          <body name="leg_r2_link">
            <inertial pos="-0.00113407 -0.00022674 -0.055039" quat="1.0 -0.0 -0.0 0.0" mass="2.60733" diaginertia="0.00748166 0.00726718 0.00283326" />
            <joint name="leg_r2_joint" pos="0 0 0" axis="1 0 0" range="-0.8727 1.1467" actuatorfrcrange="-100 100" damping="0.2" frictionloss="0.1" />
            <geom type="mesh" contype="0" conaffinity="0" group="1" density="0" rgba="1 1 1 1" mesh="r_leg_roll" />
            <geom type="mesh" rgba="1 0 0 0.1" mesh="r_leg_roll" />
            <body name="leg_r3_link">
              <inertial pos="-0.0148641 0.00438159 -0.175626" quat="1 0.0 0.0 0.0" mass="1.03799" diaginertia="0.00130665 0.00143771 0.00092289" />
              <joint name="leg_r3_joint" pos="0 0 0" axis="0 0 1" range="-1.5708 0.8184" actuatorfrcrange="-100 100" damping="0.2" frictionloss="0.1" />
              <geom type="mesh" contype="0" conaffinity="0" group="1" density="0" rgba="1 1 1 1" mesh="r_leg_yaw" />
              <!-- <geom type="mesh" rgba="1 1 1 1" mesh="r_leg_yaw" /> -->
              <body name="leg_r4_link" pos="-0.021 0 -0.182">
                <inertial pos="0.0227641 -0.00634133 -0.0971725" quat="1 -0.0 0.0 0.0" mass="1.78407" diaginertia="0.00775509 0.00820174 0.00156093" />
                <joint name="leg_r4_joint" pos="0 0 0" axis="0 1 0" range="0 2.61799" actuatorfrcrange="-180 180" damping="0.2" frictionloss="0.1" />
                <geom type="mesh" contype="0" conaffinity="0" group="1" density="0" rgba="1 1 1 1" mesh="r_knee" />
                <geom type="cylinder" size="0.045" fromto="0 -0.05 -0.0  0 0.05 -0.0" rgba="1 0 0 0.1" class="collision"/>
                <geom type="mesh" rgba="1 0 0 0.1" mesh="r_knee" />
                <body name="leg_r5_link" pos="0.021 0 -0.235">
                  <inertial pos="0 0 0" quat="1.0 0.0 0.0 0.0" mass="0.0692377" diaginertia="6.7e-06 6.7e-06 1.172e-05" />
                  <joint name="leg_r5_joint" pos="0 0 0" axis="0 1 0" range="-0.872665 0.523599" actuatorfrcrange="-36 36" damping="0.2" frictionloss="0.1" />
                  <geom type="mesh" contype="0" conaffinity="0" group="1" density="0" rgba="1 1 1 1" mesh="r_foot_pitch" />
                  <!-- <geom type="mesh" rgba="1 1 1 1" mesh="r_foot_pitch" /> -->
                  <body name="leg_r6_link">
                    <inertial pos="0.00212583 0.0 -0.03110855" quat="1.0 0.0 0.0 0.0" mass="0.37453748" diaginertia="0.00026927 0.00114572 0.00129886" />
                    <joint name="leg_r6_joint" pos="0 0 0" axis="1 0 0" range="-0.261799 0.261799" actuatorfrcrange="-36 36" damping="0.2" frictionloss="0.1" />
                    <geom type="mesh" contype="0" conaffinity="0" group="1" density="0" rgba="1 1 1 1" mesh="r_foot_roll" />
                    <!-- <geom name="right_foot" type="box" size="0.09 0.035 0.005" pos="0.019 0 -0.04" class="collision"/> -->
                    <site name="right_foot_contact" pos="0 0 0"/>
                    <geom type="box" size="0.02 0.043 0.005" pos="-0.068 0 -0.036" rgba="1 0 0 0.1" class="collision"/>
                    <geom name="right_foot" type="cylinder" size="0.046 0.004" pos="0.08 0 -0.04" class="collision"/>
                  </body>
                </body>
              </body>
            </body>
          </body>
        </body>
      <body name="zarm_l1_link" pos="0.00734742 0.162504 0.202427">
        <inertial pos="0.00335591 -0.00249177 1.895e-05" quat="1 0.0 -0.0 0.0" mass="0.444918" diaginertia="0.00028056 0.00024753 0.00028731" />
        <joint name="zarm_l1_joint" pos="0 0 0" axis="0 1 0" range="-3.14159 2.0944" actuatorfrcrange="-12 12" damping="0.2" frictionloss="0.1" />
        <geom type="mesh" contype="0" conaffinity="0" group="1" density="0" rgba="1 1 1 1" mesh="l_arm_pitch" />
        <!-- <geom type="mesh" rgba="1 1 1 1" mesh="l_arm_pitch" /> -->
        <body name="zarm_l2_link">
          <inertial pos="0.00025941 0 -0.0368458" quat="1.0 0.0 0.0 0.0" mass="0.259844" diaginertia="0.00032460 0.00043526 0.00030652" />
          <joint name="zarm_l2_joint" pos="0 0 0" axis="1 0 0" range="-0.349066 3.49066" actuatorfrcrange="-12 12" damping="0.2" frictionloss="0.1" />
          <geom type="mesh" contype="0" conaffinity="0" group="1" density="0" rgba="1 1 1 1" mesh="l_arm_roll" />
          <geom type="mesh" rgba="1 0 0 0.1" mesh="l_arm_roll" />
          <body name="zarm_l3_link">
            <inertial pos="-0.0001383 -0.00323921 -0.143148" quat="1.0 -0.0 -0.0 -0.0" mass="0.774066" diaginertia="0.00201794 0.00199446 0.00042083" />
            <joint name="zarm_l3_joint" pos="0 0 0" axis="0 0 1" range="-1.5708 1.5708" actuatorfrcrange="-12 12" damping="0.2" frictionloss="0.1" />
            <geom type="mesh" contype="0" conaffinity="0" group="1" density="0" rgba="1 1 1 1" mesh="l_arm_yaw" />
            <!-- <geom type="mesh" rgba="1 1 1 1" mesh="l_arm_yaw" /> -->
            <body name="zarm_l4_link" pos="0 0 -0.188">
              <inertial pos="-0.00091965 -0.00002274 -0.06567892" quat="1.0 0.0 -0.0 -0.0" mass="0.483726" diaginertia="0.00338102 0.00308564 0.00054063" />
              <joint name="zarm_l4_joint" pos="0 0 0" axis="0 1 0" range="-2.26893 0" actuatorfrcrange="-12 12" damping="0.2" frictionloss="0.1" />
              <geom type="mesh" contype="0" conaffinity="0" group="1" density="0" rgba="1 1 1 1" mesh="l_forearm" />
              <geom type="mesh" rgba="1 0 0 0.1" mesh="l_forearm" />
              <!-- <geom size="0.005" pos="0 0 -0.17" /> -->
            </body>
          </body>
        </body>
      </body>
      <body name="zarm_r1_link" pos="0.00734742 -0.162504 0.202427">
        <inertial pos="0.00335591 0.00249177 1.895e-05" quat="1 0.0 -0.0 0.0" mass="0.444918" diaginertia="0.00028056 0.00024753 0.00028731" />
        <joint name="zarm_r1_joint" pos="0 0 0" axis="0 1 0" range="-3.14159 2.0944" actuatorfrcrange="-12 12" damping="0.2" frictionloss="0.1" />
        <geom type="mesh" contype="0" conaffinity="0" group="1" density="0" rgba="1 1 1 1" mesh="r_arm_pitch" />
        <!-- <geom type="mesh" rgba="1 1 1 1" mesh="r_arm_pitch" /> -->
        <body name="zarm_r2_link">
          <inertial pos="0.00025941 0 -0.0368458" quat="1.0 0.0 0.0 0.0" mass="0.259844" diaginertia="0.00032460 0.00043526 0.00030652" />
          <joint name="zarm_r2_joint" pos="0 0 0" axis="1 0 0" range="-0.349066 3.49066" actuatorfrcrange="-12 12" damping="0.2" frictionloss="0.1" />
          <geom type="mesh" contype="0" conaffinity="0" group="1" density="0" rgba="1 1 1 1" mesh="r_arm_roll" />
          <geom type="mesh" rgba="1 0 0 0.1" mesh="r_arm_roll" />
          <body name="zarm_r3_link">
            <inertial pos="-0.0001383 0.00323921 -0.143148" quat="1.0 -0.0 -0.0 -0.0" mass="0.774066" diaginertia="0.00201794 0.00199446 0.00042083" />
            <joint name="zarm_r3_joint" pos="0 0 0" axis="0 0 1" range="-1.5708 1.5708" actuatorfrcrange="-12 12" damping="0.2" frictionloss="0.1" />
            <geom type="mesh" contype="0" conaffinity="0" group="1" density="0" rgba="1 1 1 1" mesh="r_arm_yaw" />
            <!-- <geom type="mesh" rgba="1 1 1 1" mesh="r_arm_yaw" /> -->
            <body name="zarm_r4_link" pos="0 0 -0.188">
              <inertial pos="-0.00091965 0.00002274 -0.06567892" quat="1.0 0.0 -0.0 -0.0" mass="0.483726" diaginertia="0.00338102 0.00308564 0.00054063" />
              <joint name="zarm_r4_joint" pos="0 0 0" axis="0 1 0" range="-2.26893 0" actuatorfrcrange="-12 12" damping="0.2" frictionloss="0.1" />
              <geom type="mesh" contype="0" conaffinity="0" group="1" density="0" rgba="1 1 1 1" mesh="r_forearm" />
              <geom type="mesh" rgba="1 0 0 0.1" mesh="r_forearm" />
              <!-- <geom size="0.005" pos="0 0 -0.17" /> -->
            </body>
          </body>
        </body>
      </body>
      <body name="zhead_1_link" pos="0 0 0.331282">
        <inertial pos="-2.17e-06 0 0" mass="0.860017" diaginertia="0.00182827 0.00158462 0.00060882"/>
        <geom type="mesh" contype="0" conaffinity="0" group="1" density="0" rgba="1 1 1 1" mesh="head_yaw"/>
        <body name="zhead_2_link">
          <inertial pos="0.0148398 -0.0004003 0.0312702" quat="0 0.707107 0 0.707107" mass="0.3542" diaginertia="0.00114126 0.00095408 0.00092946"/>
          <geom type="mesh" contype="0" conaffinity="0" group="1" density="0" rgba="1 1 1 1" mesh="head_pitch"/>
        </body>
      </body>
    </body>
  </worldbody>
  <actuator>
    <motor gear="1" joint="leg_l1_joint" name="leg_l1_joint_motor" ctrllimited="true" ctrlrange="-48 48" />
    <motor gear="1" joint="leg_l2_joint" name="leg_l2_joint_motor" ctrllimited="true" ctrlrange="-63 63" />
    <motor gear="1" joint="leg_l3_joint" name="leg_l3_joint_motor" ctrllimited="true" ctrlrange="-48 48" />
    <motor gear="1" joint="leg_l4_joint" name="leg_l4_joint_motor" ctrllimited="true" ctrlrange="-47 47" />
    <motor gear="1" joint="leg_l5_joint" name="leg_l5_joint_motor" ctrllimited="true" ctrlrange="-15 15" />
    <motor gear="1" joint="leg_l6_joint" name="leg_l6_joint_motor" ctrllimited="true" ctrlrange="-15 15" />
    <motor gear="1" joint="leg_r1_joint" name="leg_r1_joint_motor" ctrllimited="true" ctrlrange="-48 48" />
    <motor gear="1" joint="leg_r2_joint" name="leg_r2_joint_motor" ctrllimited="true" ctrlrange="-63 63" />
    <motor gear="1" joint="leg_r3_joint" name="leg_r3_joint_motor" ctrllimited="true" ctrlrange="-48 48" />
    <motor gear="1" joint="leg_r4_joint" name="leg_r4_joint_motor" ctrllimited="true" ctrlrange="-47 47" />
    <motor gear="1" joint="leg_r5_joint" name="leg_r5_joint_motor" ctrllimited="true" ctrlrange="-15 15" />
    <motor gear="1" joint="leg_r6_joint" name="leg_r6_joint_motor" ctrllimited="true" ctrlrange="-15 15" />
    <motor gear="1" joint="zarm_l1_joint" name="zarm_l1_joint_motor" ctrllimited="true" ctrlrange="-3 3" />
    <motor gear="1" joint="zarm_l2_joint" name="zarm_l2_joint_motor" ctrllimited="true" ctrlrange="-3 3" />
    <motor gear="1" joint="zarm_l3_joint" name="zarm_l3_joint_motor" ctrllimited="true" ctrlrange="-3 3" />
    <motor gear="1" joint="zarm_l4_joint" name="zarm_l4_joint_motor" ctrllimited="true" ctrlrange="-3 3" />
    <motor gear="1" joint="zarm_r1_joint" name="zarm_r1_joint_motor" ctrllimited="true" ctrlrange="-3 3" />
    <motor gear="1" joint="zarm_r2_joint" name="zarm_r2_joint_motor" ctrllimited="true" ctrlrange="-3 3" />
    <motor gear="1" joint="zarm_r3_joint" name="zarm_r3_joint_motor" ctrllimited="true" ctrlrange="-3 3" />
    <motor gear="1" joint="zarm_r4_joint" name="zarm_r4_joint_motor" ctrllimited="true" ctrlrange="-3 3" />
  </actuator>
  <sensor>
    <accelerometer name="BodyAcc" site="imu" />
    <velocimeter name="BodyVel" site="imu" />
    <gyro name="BodyGyro" site="imu" />
    <framepos name="BodyPos" objtype="site" objname="imu" />
    <framequat name="BodyQuat" objtype="site" objname="imu" />
    <jointpos name="leg_l1_joint_pos" joint="leg_l1_joint" />
    <jointpos name="leg_l2_joint_pos" joint="leg_l2_joint" />
    <jointpos name="leg_l3_joint_pos" joint="leg_l3_joint" />
    <jointpos name="leg_l4_joint_pos" joint="leg_l4_joint" />
    <jointpos name="leg_l5_joint_pos" joint="leg_l5_joint" />
    <jointpos name="leg_l6_joint_pos" joint="leg_l6_joint" />
    <jointpos name="leg_r1_joint_pos" joint="leg_r1_joint" />
    <jointpos name="leg_r2_joint_pos" joint="leg_r2_joint" />
    <jointpos name="leg_r3_joint_pos" joint="leg_r3_joint" />
    <jointpos name="leg_r4_joint_pos" joint="leg_r4_joint" />
    <jointpos name="leg_r5_joint_pos" joint="leg_r5_joint" />
    <jointpos name="leg_r6_joint_pos" joint="leg_r6_joint" />
    <jointpos name="zarm_l1_joint_pos" joint="zarm_l1_joint" />
    <jointpos name="zarm_l2_joint_pos" joint="zarm_l2_joint" />
    <jointpos name="zarm_l3_joint_pos" joint="zarm_l3_joint" />
    <jointpos name="zarm_l4_joint_pos" joint="zarm_l4_joint" />
    <jointpos name="zarm_r1_joint_pos" joint="zarm_r1_joint" />
    <jointpos name="zarm_r2_joint_pos" joint="zarm_r2_joint" />
    <jointpos name="zarm_r3_joint_pos" joint="zarm_r3_joint" />
    <jointpos name="zarm_r4_joint_pos" joint="zarm_r4_joint" />
    <jointvel name="leg_l1_joint_vel" joint="leg_l1_joint" />
    <jointvel name="leg_l2_joint_vel" joint="leg_l2_joint" />
    <jointvel name="leg_l3_joint_vel" joint="leg_l3_joint" />
    <jointvel name="leg_l4_joint_vel" joint="leg_l4_joint" />
    <jointvel name="leg_l5_joint_vel" joint="leg_l5_joint" />
    <jointvel name="leg_l6_joint_vel" joint="leg_l6_joint" />
    <jointvel name="leg_r1_joint_vel" joint="leg_r1_joint" />
    <jointvel name="leg_r2_joint_vel" joint="leg_r2_joint" />
    <jointvel name="leg_r3_joint_vel" joint="leg_r3_joint" />
    <jointvel name="leg_r4_joint_vel" joint="leg_r4_joint" />
    <jointvel name="leg_r5_joint_vel" joint="leg_r5_joint" />
    <jointvel name="leg_r6_joint_vel" joint="leg_r6_joint" />
    <jointvel name="zarm_l1_joint_vel" joint="zarm_l1_joint" />
    <jointvel name="zarm_l2_joint_vel" joint="zarm_l2_joint" />
    <jointvel name="zarm_l3_joint_vel" joint="zarm_l3_joint" />
    <jointvel name="zarm_l4_joint_vel" joint="zarm_l4_joint" />
    <jointvel name="zarm_r1_joint_vel" joint="zarm_r1_joint" />
    <jointvel name="zarm_r2_joint_vel" joint="zarm_r2_joint" />
    <jointvel name="zarm_r3_joint_vel" joint="zarm_r3_joint" />
    <jointvel name="zarm_r4_joint_vel" joint="zarm_r4_joint" />
    <force name="left_force" site="left_foot_contact"/>
    <force name="right_force" site="right_foot_contact"/>
  </sensor>
</mujoco>
